Function;Size(Bytes);Mean Babel(GBytes/sec);Mean Nano(GBytes/sec);Median Nano(GBytes/sec);Min Nano(GBytes/sec);Max Nano(GBytes/sec);Err Nano(GBytes/sec);
Copy;520000;15.1316;14.6597;14.6597;15.5613;10.1973;0.0130127;
Mul;520000;11.4939;10.7792;10.7792;12.5065;7.07708;0.0130708;
Add;520000;13.2916;14.1452;14.1452;14.9531;10.7988;0.00542489;
Triad;520000;12.5109;13.3639;13.3639;13.9598;9.71689;0.00509616;
Dot;520000;2.04352;2.1824;2.1824;2.18394;2.16487;0.000239483;
Nstream;520000;14.6222;15.3683;15.3683;16.4059;10.8773;0.00697575;
